Region,Workload,Filename,Total Connection Time,Time to First Byte,Download Time,Total Time
India,VIDEO,1mb,0:00:00.002605,0:00:00.002806,0:00:03.467634,0:00:03.470440
India,VIDEO,1mb,0:00:00.002605,0:00:00.002806,0:00:03.467634,0:00:03.470440
India,VIDEO,1mb,0:00:00.002605,0:00:00.002806,0:00:03.467634,0:00:03.470440
India,VIDEO,1mb,0:00:00.002605,0:00:00.002806,0:00:03.467634,0:00:03.470440
India,VIDEO,1mb,0:00:00.002605,0:00:00.002806,0:00:03.467634,0:00:03.470440
India,VIDEO,10mb,0:00:00.000799,0:00:00.000878,0:00:00.129303,0:00:00.130181
