Total Connection Time,Time to First Byte,Download Time,Total Time,Workload
0:00:00.001123,0:00:00.001167,0:00:03.535551,0:00:03.536718,WEB
0:00:00.001289,0:00:00.001298,0:00:03.515541,0:00:03.516839,WEB
0:00:00.001170,0:00:00.001180,0:00:03.515294,0:00:03.516474,WEB
0:00:00.001104,0:00:00.001113,0:00:03.450671,0:00:03.451784,WEB
0:00:00.001211,0:00:00.001223,0:00:03.463128,0:00:03.464351,WEB
0:00:00.001123,0:00:00.001167,0:00:03.535551,0:00:03.536718,WEB
0:00:00.001211,0:00:00.001223,0:00:03.463128,0:00:03.464351,WEB
