workload,time_to_first_byte,connection_time,total_time
web,16.264,13.540999999999999,16.310000000000002
web,16.489,13.782,16.535999999999998
video,18.871,15.197000000000001,18.923
video,19.086,15.413,19.173
