Region,Workload,Filename,Total Connection Time,Time to First Byte,Download Time,Total Time
region1,video,test.mp4,0:00:00.001150,0:00:00.001250,0:00:03.450000,0:00:03.451250
region1,web,homepage.html,0:00:00.000850,0:00:00.001000,0:00:00.500000,0:00:00.501000
region2,video,test.mp4,0:00:00.001120,0:00:00.001200,0:00:03.300000,0:00:03.301200
region2,web,homepage.html,0:00:00.000800,0:00:00.000950,0:00:00.450000,0:00:00.451000
region3,video,stream.mp4,0:00:00.001050,0:00:00.001200,0:00:02.800000,0:00:02.801200
region3,web,test.html,0:00:00.000900,0:00:00.001050,0:00:00.400000,0:00:00.401050
region3,video,test.mp4,0:00:00.001200,0:00:00.001300,0:00:03.700000,0:00:03.701300
