TCP Connection Time,TLS Handshake Time,Total Connection Time,Time to First Byte,Download Time,Total Time,TLS Version,Workload
0:00:00.000039,0:00:00.000608,0:00:00.000911,0:00:00.000895,0:00:00.001887,0:00:00.002808,1.3,WEB
0:00:00.000039,0:00:00.000608,0:00:00.000911,0:00:00.000895,0:00:00.001887,0:00:00.002808,1.3,WEB
0:00:00.000039,0:00:00.000608,0:00:00.000911,0:00:00.000895,0:00:00.001887,0:00:00.002808,1.3,WEB
0:00:00.000039,0:00:00.000608,0:00:00.000911,0:00:00.000895,0:00:00.001887,0:00:00.002808,1.3,WEB
0:00:00.000038,0:00:00.000613,0:00:00.000919,0:00:00.000903,0:00:00.002146,0:00:00.003203,1.3,WEB
0:00:00.000037,0:00:00.000602,0:00:00.000904,0:00:00.000885,0:00:00.002035,0:00:00.002945,1.3,WEB
0:00:00.000039,0:00:00.000624,0:00:00.000981,0:00:00.000961,0:00:00.001920,0:00:00.002890,1.3,WEB
0:00:00.000039,0:00:00.000987,0:00:00.001287,0:00:00.001275,0:00:00.003118,0:00:00.004421,1.3,WEB
