workload,time_to_first_byte,connection_time,total_time
web,8.332,0.614,8.414
web,7.841000000000001,0.646,7.9799999999999995
video,12.765,1.346,12.857999999999999
video,8.725999999999999,0.6859999999999999,8.824
