TCP Connection Time,TLS Handshake Time,Total Connection Time,Time to First Byte,Download Time,Total Time,TLS Version,Workload
0:00:00.000039,0:00:00.000608,0:00:00.000911,0:00:00.000895,0:00:00.001887,0:00:00.002808,1.3,WEB
0:00:00.000039,0:00:00.000608,0:00:00.000911,0:00:00.000895,0:00:00.001887,0:00:00.002808,1.3,WEB
0:00:00.000039,0:00:00.000608,0:00:00.000911,0:00:00.000895,0:00:00.001887,0:00:00.002808,1.3,WEB
